880236;path;Afrikanische Musik;Herança;00:03:59;comment
880237;path;Afrikanische Musik;Maribundo;00:03:51;comment
880238;path;Afrikanische Musik;Kisoko;00:06:30;comment
880239;path;Afrikanische Musik;Sonho de Regresso;00:07:18;comment
880240;path;Afrikanische Musik;Dikixi Uâ Lengue;00:05:45;comment
880241;path;Afrikanische Musik;Madia Kandimba;00:05:14;comment
880242;path;Afrikanische Musik;M. Margarida;00:03:45;comment
880243;path;Afrikanische Musik;Luanda à Noite;00:06:07;comment
880245;path;Afrikanische Musik;Terra Dividid;00:04:53;comment
880247;path;Afrikanische Musik;Estrela de Canela;00:05:24;comment
880248;path;Afrikanische Musik;Kuchene;00:06:04;comment
880249;path;Afrikanische Musik;Uâ Nangue Dikumbi;00:05:55;comment
880250;path;Afrikanische Musik;Katrissamento;00:04:54;comment
880251;path;Afrikanische Musik;Palame;00:04:14;comment
880252;path;Afrikanische Musik;Mukuaxi;00:05:53;comment
880253;path;Pop;Tomorrow Girl;00:03:25;comment
880254;path;Pop;Douce Audrey;00:04:55;comment
880255;path;Pop;En bas de chez toi;00:03:54;comment
880256;path;Pop;Petite cigarette;00:02:43;comment
880257;path;Pop;My Friend;00:04:30;comment
880258;path;Pop;Fantasy;00:02:58;comment
880259;path;Pop;Smile is Love;00:05:13;comment
880260;path;Pop;Same Time;00:04:01;comment
880261;path;Pop;A Paris;00:03:55;comment
880262;path;Pop;Ton grenier;00:04:15;comment
880266;path;Electro;Garden's;00:05:04;comment
880267;path;Electro;Garden's (Radio Edit);00:03:31;comment
880407;path;Pop;Perfect Skin;00:03:18;comment
880408;path;Pop;Speedboat;00:04:40;comment
880410;path;Pop;Rattlesnakes;00:03:31;comment
880414;path;Pop;Down On Mission Street;00:03:49;comment
880417;path;Pop;Forest Fire (Extended Version);00:05:15;comment
880420;path;Pop;Charlotte Street;00:03:53;comment
880423;path;Pop;2cv;00:02:54;comment
880426;path;Pop;Four Flights Up;00:02:39;comment
880429;path;Pop;Patience;00:03:39;comment
880431;path;Pop;Are You Ready To Be Heartbroken?;00:03:06;comment
880433;path;Pop;Sweetness;00:02:54;comment
880436;path;Pop;Andy's Babies;00:02:56;comment
880437;path;Pop;The Sea And The Sand;00:03:07;comment
880439;path;Pop;You Will Never Be No Good;00:02:44;comment
880464;path;Dance;La dernière;00:02:40;comment
880466;path;Dance;Les Chieuses J'aime;00:04:23;comment
880467;path;Dance;Bonbons acidulés;00:03:57;comment
880469;path;Dance;Laisse aller;00:04:15;comment
880470;path;Dance;Bernadette J'm'appelle;00:06:23;comment
880472;path;Dance;Tomber;00:03:17;comment
880473;path;Dance;Les insectes;00:02:26;comment
880474;path;Dance;Tout nous sépare;00:02:41;comment
880476;path;Dance;Je te tiens tu me tiens;00:03:42;comment
880477;path;Dance;On n'se touche pas;00:03:37;comment
880479;path;Dance;Quand j'srai grand;00:03:13;comment
880480;path;Dance;Livingston;00:06:03;comment
880916;path;Pop;T'as les boules (parodie de Daddy cool);00:03:20;comment
880917;path;Pop;Chez les pedes (parodie de Ymca);00:03:47;comment
880919;path;Pop;Rouler une pelle (parodie de Ring my bell);00:03:36;comment
880922;path;Pop;Je suis un steack;00:03:44;comment
880925;path;Pop;Juste qu il est jaune (parodie de Just an illusion);00:04:44;comment
880926;path;Pop;7 a paris (parodie de In the navy);00:04:31;comment
880927;path;Pop;Cageot de nuit (parodie de Cargo de nuit);00:05:12;comment
880928;path;Pop;Biscotte man (parodie de Disco man);00:02:56;comment
880929;path;Pop;G O pardi (parodie de Jeopardy);00:04:02;comment
880930;path;Pop;Sous les watts (parodie de Wot);00:03:50;comment
880931;path;Pop;Je t aime o mémé (parodie de Can't take my eyes off you);00:04:16;comment
880932;path;Pop;Sauvez les carottes rapées;00:04:42;comment
880933;path;Pop;Born to be a bonne (parodie de Born to be alive);00:03:40;comment
880934;path;Pop;T'as les boules (Bollocks remix) [parodie de Daddy cool];00:05:43;comment
881051;path;Electro;The Same Old Scene (Almighty Anthem Radio Edit);00:03:17;comment
881053;path;Electro;The Same Old Scene (Almighty 12" Anthem Mix);00:07:08;comment
881057;path;Electro;The Same Old Scene (Almighty 12" Anthem Dub);00:06:38;comment
881060;path;Electro;The Same Old Scene (Almighty 12" Anthem Instrumental);00:07:07;comment
881063;path;Electro;The Same Old Scene (Almighty 12" Transensual Mix);00:06:22;comment
881192;path;Schlager & Volksmusik;Mein Leben für dich;00:03:27;comment
881193;path;Schlager & Volksmusik;Du bist alles, was ich liebe (Do You Really Love Me);00:03:17;comment
881195;path;Schlager & Volksmusik;Mein Leben für dich (Extended Version);00:05:00;comment
881197;path;Schlager & Volksmusik;Mein Leben für dich (Karaoke Version);00:03:27;comment
881278;path;Alternative;I Can't Stand Your Love;00:02:51;comment
881280;path;Alternative;Torpedo Woman;00:03:14;comment
881282;path;Alternative;Hot Teardrops On The Floor;00:03:42;comment
881284;path;Alternative;Lost In A Ghost Town;00:02:18;comment
881285;path;Alternative;Don't Call Me On The Phone;00:02:38;comment
881286;path;Alternative;Do The Shimmy Shimmy Duck;00:02:33;comment
881288;path;Alternative;Sleep All Day;00:02:29;comment
881290;path;Alternative;I'm Having Fun;00:02:53;comment
881291;path;Alternative;A Little Bit Of Ice;00:03:13;comment
881292;path;Alternative;Mony Mony;00:03:58;comment
881347;path;Heavy Metal;Elvenpath (Remastered);00:04:37;comment
881348;path;Heavy Metal;Beauty And The Beast (Remastered);00:06:22;comment
881349;path;Heavy Metal;The Carpenter (Remastered);00:05:55;comment
881350;path;Heavy Metal;Astral Romance (Remastered);00:05:10;comment
881351;path;Heavy Metal;Angels Fall First (Remastered);00:05:34;comment
881352;path;Heavy Metal;Tutankhamen (Remastered);00:05:29;comment
881353;path;Heavy Metal;Nymphomaniac Fantasia (Remastered);00:04:45;comment
881354;path;Heavy Metal;Know Why The Nightingale Sings (Remastered);00:04:13;comment
881355;path;Heavy Metal;Lappi Pt I Erämaajärvi (Remastered);00:02:15;comment
881356;path;Heavy Metal;Lappi Pt II Witchdrums (Remastered);00:01:18;comment
881357;path;Heavy Metal;Lappi Pt III This Moment Is Eternity (Remastered);00:03:12;comment
881358;path;Heavy Metal;Lappi Pt IV Etiäinen (Remastered);00:02:33;comment
881359;path;Heavy Metal;Return To The Sea (Remastered);00:05:46;comment
881360;path;Heavy Metal;Nightwish (Demo 1997);00:05:49;comment
881361;path;Heavy Metal;The Forever Moments (Demo 1997);00:05:36;comment
881362;path;Heavy Metal;Etiäinen (Demo 1997);00:02:59;comment
881937;path;Rock;Intro;00:00:29;comment
881938;path;Rock;Believe;00:03:46;comment
881939;path;Rock;This Is Not The End;00:03:59;comment
881940;path;Rock;Every Word Is A Knife In My Ear;00:03:36;comment
881941;path;Rock;Bad Sun;00:04:02;comment
881942;path;Rock;Time Won't Let Me Go;00:04:11;comment
881943;path;Rock;Tragedy Bound;00:02:22;comment
881944;path;Rock;Fistful Of Sand;00:03:10;comment
881945;path;Rock;Angelina;00:03:12;comment
881946;path;Rock;Split Me Wide Open;00:03:38;comment
881947;path;Rock;Above And Below;00:03:30;comment
881948;path;Rock;The Ocean;00:03:40;comment
881949;path;Rock;Intro (Moon Version);00:00:18;comment
881950;path;Rock;Believe (Moon Version);00:03:20;comment
881951;path;Rock;This Is Not The End (Moon Version);00:04:03;comment
881952;path;Rock;Every Word Is A Knife In My Ear (Moon Version);00:02:37;comment
881953;path;Rock;Bad Sun (Moon Version);00:04:24;comment
881954;path;Rock;Time Won't Let Me Go (Moon Version);00:03:52;comment
881955;path;Rock;Tragedy Bound (Moon Version);00:02:27;comment
881956;path;Rock;Fistful Of Sand (Moon Version);00:02:59;comment
881957;path;Rock;Angelina (Moon Version);00:03:20;comment
881958;path;Rock;Split Me Wide Open (Moon Version);00:03:34;comment
881959;path;Rock;Above And Below (Moon Version);00:03:09;comment
881960;path;Rock;The Ocean (Moon Version);00:04:04;comment
882154;path;Rock;Chicago;00:03:57;comment
882156;path;Rock;I Get It;00:03:35;comment
882158;path;Rock;Only Fooling Myself (Brian Malouf Mix);00:03:33;comment
882159;path;Rock;Top Of The World;00:04:01;comment
882161;path;Rock;One Way Or Another;00:03:42;comment
882162;path;Rock;It's Only Life (Brian Malouf Mix);00:04:08;comment
882163;path;Rock;Might Have Been;00:03:46;comment
882164;path;Rock;Facing Up;00:04:10;comment
882165;path;Rock;No Good;00:04:13;comment
882166;path;Rock;The Devil In Me;00:04:18;comment
882167;path;Rock;I Won't Disagree;00:03:49;comment
882168;path;Rock;Wish You Were Intro/Wish You Were;00:04:46;comment
882169;path;Rock;Kindly Unspoken;00:04:03;comment
882372;path;Pop;All Right Now;00:05:33;comment
882373;path;Pop;Wishing Well;00:03:40;comment
882374;path;Pop;Come Together In The Morning;00:04:29;comment
882796;path;Pop;Shake Your Head (Let's Go To Bed);00:03:58;comment
882797;path;Pop;Spy In The House Of Love (Streetsahead Mix);00:05:27;comment
882798;path;Pop;Love Can Be Bad Luck;00:03:44;comment
882799;path;Pop;Robot Girl;00:03:40;comment
882800;path;Pop;Boy's Gone Crazy;00:03:40;comment
882802;path;Pop;Ballad Of You;00:02:14;comment
882803;path;Pop;Land Of The Free;00:04:08;comment
882804;path;Pop;I Blew Up The United States;00:03:49;comment
882805;path;Pop;The Death Of Mr. Ping Pong;00:02:09;comment
882806;path;Pop;One White Crow;00:04:13;comment
882807;path;Pop;Hello Dad ... I'm In Jail;00:01:25;comment
882808;path;Pop;What Up Dog?;00:01:47;comment
882809;path;Pop;Out Come The Freaks;00:04:37;comment
882810;path;Pop;Papa Was A Rolling Stone;00:06:44;comment
883020;path;Pop;Who Do You Think You're Foolin';00:03:29;comment
883021;path;Pop;Stroke Of Luck;00:03:12;comment
883022;path;Pop;We Do Do You;00:03:57;comment
883023;path;Pop;Just A Minute;00:03:01;comment
883024;path;Pop;Knock Me Over;00:03:55;comment
883025;path;Pop;Let It Rain;00:04:05;comment
883026;path;Pop;Play On;00:03:46;comment
883027;path;Pop;Keep Moving On;00:03:31;comment
883028;path;Pop;Get In And Go;00:02:59;comment
883029;path;Pop;Tempted By The Sound;00:03:58;comment
883032;path;Pop;Hello Euphoria;00:03:02;comment
883036;path;Pop;Let Me Carry;00:04:09;comment
883464;path;Jazz;Helen Twelvetrees;00:04:44;comment
883467;path;Jazz;Parvati's Dance;00:07:34;comment
883468;path;Jazz;Sleep, My Love;00:02:52;comment
883470;path;Jazz;Thorn Of A White Rose;00:04:31;comment
883472;path;Jazz;Neverglades Pixie;00:07:10;comment
883474;path;Jazz;Charlotte;00:06:34;comment
883476;path;Jazz;Avoid The Year Of The Monkey;00:05:31;comment
883764;path;Jazz;Ja, das ist nun mal mein Rhythmus;00:02:42;comment
883766;path;Jazz;Haben Sie schon mal im Dunkeln geküsst;00:02:37;comment
883768;path;Jazz;Heisse Tage;00:02:20;comment
883769;path;Jazz;Wenn du einmal ein Mädel magst;00:02:31;comment
883771;path;Jazz;Optimismus ist die beste Medizin;00:02:26;comment
883772;path;Jazz;Woran liegt's, dass ich dir nicht gefalle;00:02:35;comment
883774;path;Jazz;Oh Marie, oh Marie;00:02:50;comment
883775;path;Jazz;Es sind viele Jahre vergangen;00:02:34;comment
883777;path;Jazz;Schönes Wetter;00:02:29;comment
883779;path;Jazz;Mich hat noch nie ein Mädel angelacht;00:02:22;comment
883781;path;Jazz;Wunderbar, wunderbar wie du heute tanzt;00:02:36;comment
883783;path;Jazz;Denn ich bin zum Tanzen geboren;00:02:43;comment
883784;path;Jazz;Halloh, halloh, ich suche eine Frau;00:02:24;comment
883786;path;Jazz;Wir tanzen durchs Leben;00:02:50;comment
883787;path;Jazz;Ich hab' eine Schwäche für blonde Frau'n;00:02:14;comment
883789;path;Jazz;Rose-Marie;00:02:49;comment
883790;path;Jazz;Junger Mann aus gutem Hause;00:02:34;comment
883791;path;Jazz;Warum, weshalb und wieso;00:02:48;comment
883792;path;Jazz;Mir geht's gut;00:02:30;comment
883793;path;Jazz;Es war noch nie so schön wie heut';00:02:33;comment
884063;path;Filme/Videospiele;A Felicidade - Batucada (Générique);00:01:09;comment
884064;path;Filme/Videospiele;A Felicidade;00:02:35;comment
884065;path;Filme/Videospiele;Batucada - Frevo de Orfeu (Générique);00:04:25;comment
884066;path;Filme/Videospiele;O Nosso Amor (Générique);00:01:11;comment
884067;path;Filme/Videospiele;O Nosso Amor;00:04:19;comment
884068;path;Filme/Videospiele;Manha de Carnaval (Scène de la leçon de guitare);00:02:10;comment
884069;path;Filme/Videospiele;Manha de Carnaval (Thème-Orfeu-Scène du lever du soleil);00:03:52;comment
884070;path;Filme/Videospiele;Manha de Carnaval (Thème);00:01:32;comment
884071;path;Filme/Videospiele;Manha de Carnaval (Eurydice);00:02:57;comment
884072;path;Filme/Videospiele;O Nosso Amor;00:14:49;comment
884073;path;Filme/Videospiele;A Felicidade (Inédit);00:02:03;comment
884074;path;Filme/Videospiele;Bateria de Capela;00:04:52;comment
884075;path;Filme/Videospiele;Scène de la Macumba;00:12:57;comment
884076;path;Filme/Videospiele;Frevo de Orfeu;00:01:29;comment
884077;path;Filme/Videospiele;A Felicidade (Inédit - Instrumental);00:01:02;comment
884078;path;Filme/Videospiele;A Felicidade (Non mixé);00:02:44;comment
884079;path;Filme/Videospiele;Samba de Orfeu;00:02:28;comment
885211;path;Alternative;Rise and Fall;00:03:14;comment
885212;path;Alternative;Rip The Pages Up (Brendan Lynch Mix);00:04:40;comment
885710;path;Rock;All Revved Up With No Place To Go (Live from Ontario);00:01:57;comment
3013108;path;Rock;Paradise By The Dashboard Light (Live from Ontario);00:11:33;comment
885713;path;Rock;I'd Do Anything For Love (But I Won't Do That) (Live from Ontario);00:11:05;comment
885715;path;Rock;Rock And Roll Dreams Come Through (Live from Ontario);00:08:22;comment
885717;path;Rock;Bad For Good (Live from Ontario);00:07:13;comment
885719;path;Rock;If It Aint Broke Break It (Live from Ontario);00:05:02;comment
885721;path;Rock;Blind As A Bat (Live from Ontario);00:06:14;comment
885723;path;Rock;It's All Coming Back To Me Now (Live from Ontario);00:05:51;comment
885726;path;Rock;Bat Out Of Hell (Live from Ontario);00:13:14;comment
885728;path;Rock;Black Betty (Live from Ontario);00:03:32;comment
886479;path;Jazz;Little Girls At Play;00:04:02;comment
886480;path;Jazz;Si Tu Vois Me Mere (I Remember When);00:05:54;comment
886481;path;Jazz;My Ideal;00:03:11;comment
886482;path;Jazz;Rose Of The Rio Grande;00:02:51;comment
886485;path;Jazz;Too Late Now;00:04:29;comment
886487;path;Jazz;Rosetta;00:03:42;comment
886489;path;Jazz;Russian Lullaby;00:04:37;comment
886491;path;Jazz;As Long As I Live;00:04:13;comment
886493;path;Jazz;Wang Wang Blues;00:03:21;comment
886495;path;Jazz;Prelude To A Kiss;00:05:33;comment
886498;path;Jazz;Soon;00:04:23;comment
886499;path;Jazz;Polkadots And Moonbeams;00:05:14;comment
886500;path;Jazz;Moments Like This;00:03:45;comment
886501;path;Jazz;Don't Explain;00:04:46;comment
887610;path;Schlager & Volksmusik;7 Sünden (Party Mix);00:03:59;comment
887611;path;Schlager & Volksmusik;7 Sünden (Diskofox Mix);00:03:04;comment
887612;path;Schlager & Volksmusik;7 Sünden (Extended Mix);00:05:07;comment
887613;path;Schlager & Volksmusik;7 Sünden (Karaoke Mix);00:03:59;comment
887614;path;Schlager & Volksmusik;Party Megamix;00:07:42;comment
887615;path;Schlager & Volksmusik;Discofox Megamix;00:08:21;comment
887944;path;Alternative;Rain;00:03:37;comment
887945;path;Alternative;Karma Boomerang;00:03:30;comment
887946;path;Alternative;Best Western Beauty;00:03:56;comment
887947;path;Alternative;Star;00:04:04;comment
887948;path;Alternative;Tears From A Stone;00:04:09;comment
887949;path;Alternative;Grind You Down;00:03:27;comment
887950;path;Alternative;Reasons To Stay Indoors;00:05:45;comment
887951;path;Alternative;Whalebone;00:04:53;comment
887952;path;Alternative;Barefoot In A Denim Jacket;00:04:11;comment
887953;path;Alternative;Lackluster Me;00:04:43;comment
887954;path;Alternative;Velvet;00:04:37;comment
887955;path;Alternative;Man In The Park;00:03:56;comment
887956;path;Alternative;End Of The Line;00:04:23;comment
887957;path;Alternative;Star (I'm Not Stupid);00:04:21;comment
887958;path;Alternative;Daylights Wasting;00:02:57;comment
887959;path;Alternative;Empty Of Feeling;00:03:26;comment
887960;path;Alternative;Foolish;00:04:35;comment
887961;path;Alternative;Unsound;00:04:43;comment
887962;path;Alternative;Fearlist;00:04:46;comment
887963;path;Alternative;Bottomless Pit;00:02:56;comment
887964;path;Alternative;If You Won`t Come To The Party;00:03:57;comment
887965;path;Alternative;The Breakers;00:03:36;comment
887966;path;Alternative;You Should`ve Told Me;00:04:09;comment
887967;path;Alternative;Face;00:04:46;comment
889724;path;Pop;Batuta de Dragaia;00:01:00;comment
889725;path;Pop;Roata Feciorilor;00:01:02;comment
889726;path;Pop;Bolobocul;00:01:14;comment
889727;path;Pop;Schioapa Si Corighisca;00:02:02;comment
889728;path;Pop;Taraneasca;00:00:55;comment
889729;path;Pop;Batrineasca;00:01:06;comment
889730;path;Pop;Batuta;00:01:25;comment
889731;path;Pop;Mindrele;00:01:51;comment
889732;path;Pop;Sirba;00:01:33;comment
889733;path;Pop;Zvoanele;00:02:46;comment
889734;path;Pop;Ruste Mul;00:01:54;comment
889735;path;Pop;Hora in Judril Vedrei;00:02:09;comment
889736;path;Pop;Fe de le Sul;00:02:10;comment
889737;path;Pop;Tintardiul;00:02:13;comment
889738;path;Pop;La Rachiu;00:02:32;comment
889739;path;Pop;Hora;00:02:38;comment
889740;path;Pop;Mintita;00:01:36;comment
889741;path;Pop;Sorocul;00:02:53;comment
889742;path;Pop;Joc;00:01:58;comment
889743;path;Pop;Ca La Resita;00:01:29;comment
889744;path;Pop;Ardealana;00:01:44;comment
889745;path;Pop;Invertita;00:02:48;comment
889746;path;Pop;Manintel;00:01:36;comment
889747;path;Pop;Ca la Simbata;00:01:13;comment
889748;path;Pop;Geamparalele;00:01:43;comment
889749;path;Pop;Moara;00:01:28;comment
889750;path;Pop;Breaza;00:01:37;comment
889751;path;Pop;Paduretul;00:01:06;comment
889752;path;Pop;Asa Beau Gamenii Buni;00:02:05;comment
890295;path;Pop;Générique;00:00:46;comment
890296;path;Pop;Le satellite;00:03:02;comment
890297;path;Pop;Ras le pôle;00:03:07;comment
890298;path;Pop;L'éléphant & la Baleine;00:02:53;comment
890299;path;Pop;Le volcan;00:03:12;comment
890300;path;Pop;Docteur Roger M.;00:03:58;comment
890301;path;Pop;L'oie sauvage;00:04:27;comment
890302;path;Pop;La ronde des fleurs;00:01:13;comment
890303;path;Pop;La pétrocolique;00:03:14;comment
890304;path;Pop;La coctier;00:03:38;comment
890305;path;Pop;L'iceberg;00:02:56;comment
890306;path;Pop;Un monde nouveau;00:05:23;comment
890805;path;Jazz;Fascinating Rhythm (Album Version);00:04:11;comment
890806;path;Jazz;Swing That Music (Album Version);00:03:15;comment
890807;path;Jazz;The Ballad Of Pearly Sue (Album Version);00:05:38;comment
890808;path;Jazz;P.S. I Love You (Album Version);00:04:10;comment
890809;path;Jazz;Can't Take You Nowhere (Album Version);00:03:22;comment
890810;path;Jazz;No More Blues (Album Version);00:05:10;comment
890811;path;Jazz;Do Nothing Till You Hear From Me (Album Version);00:04:41;comment
890812;path;Jazz;Breezin' Along With The Breeze (Album Version);00:03:10;comment
890813;path;Jazz;Don't Let The Sun Catch You Crying (Album Version);00:04:40;comment
890814;path;Jazz;Who Cares? (So Long As You Care For Me) (Album Version);00:03:26;comment
890815;path;Jazz;Sometimes I'm Happy (Album Version);00:03:23;comment
890816;path;Jazz;Everything's Been Done Before (Album Version);00:04:58;comment
891221;path;Jazz;Number Two;00:08:14;comment
891222;path;Jazz;I Can't Get Started;00:09:36;comment
891223;path;Jazz;Mojo;00:10:27;comment
891224;path;Jazz;There Is No Greater Love;00:07:09;comment
891664;path;Jazz;Another Star (Album Version);00:06:14;comment
891665;path;Jazz;Sambacu (Instrumental);00:06:23;comment
891668;path;Jazz;Fantasy (Album Version);00:05:23;comment
891672;path;Jazz;Boomerang (Instrumental);00:06:16;comment
891674;path;Jazz;Smile Please (Instrumental);00:04:56;comment
891677;path;Jazz;Like A Volcano (Instrumental);00:05:05;comment
891678;path;Jazz;You're My Little Girl (Album Version);00:04:48;comment
891680;path;Jazz;La Familia (Instrumental);00:06:00;comment
891681;path;Jazz;Waterfall (Instrumental);00:05:12;comment
891682;path;Jazz;Lord Remember Me (Album Version);00:06:47;comment
892202;path;Jazz;Come On-A-My House;00:02:10;comment
892204;path;Jazz;A-Tisket A-Tasket;00:03:47;comment
892205;path;Jazz;Medley: Don't Be That Way / Stompin' At The Savoy;00:04:17;comment
892206;path;Jazz;The Hukilau Song;00:03:42;comment
892207;path;Jazz;Pearly Shells;00:03:32;comment
892208;path;Jazz;In The Copa Room;00:03:28;comment
892210;path;Jazz;Every Day I Have The Blues;00:02:57;comment
892211;path;Jazz;Night In Tunisia;00:03:50;comment
892212;path;Jazz;After Hours;00:03:35;comment
892213;path;Jazz;Blue Hawaii;00:03:16;comment
892214;path;Jazz;Love You Madly;00:03:09;comment
892216;path;Jazz;Them There Eyes;00:03:08;comment
892217;path;Jazz;Medley: Smiles / When You're Smilin';00:03:21;comment
892219;path;Jazz;Don Cha Go 'Way Mad;00:02:58;comment
892222;path;Jazz;I'll Remember You;00:04:26;comment
892223;path;Jazz;Come On-A-My House (Instrumental Reprise);00:01:16;comment
892224;path;Jazz;Hawaiian War Chant;00:02:58;comment
892725;path;Jazz;Westchester Lady;00:04:32;comment
892726;path;Jazz;Lodo Mojo;00:04:22;comment
892727;path;Jazz;Then There Was You;00:03:28;comment
892728;path;Jazz;Shoulder Step;00:03:47;comment
892729;path;Jazz;Off Shore;00:04:25;comment
892730;path;Jazz;Two Of A Kind;00:03:59;comment
892731;path;Jazz;Late At Night;00:04:37;comment
892732;path;Jazz;When We're Together;00:04:02;comment
892733;path;Jazz;Welcome Home;00:04:16;comment
892734;path;Jazz;Staring At The Ceiling;00:04:02;comment
892735;path;Jazz;This Is How It Should Feel;00:03:58;comment
893389;path;Jazz;Allegro (Live);00:09:52;comment
893390;path;Jazz;Andante (Live);00:03:24;comment
893391;path;Jazz;Bach's Blues (Live);00:09:13;comment
893392;path;Jazz;City Lights (Live);00:07:09;comment
893393;path;Jazz;Perdido (Live);00:06:26;comment
893394;path;Jazz;Caravan (Live);00:06:39;comment
893395;path;Jazz;If You Only Knew (Live);00:08:14;comment
893838;path;Pop;Just A Minute;00:03:01;comment
893839;path;Pop;Just A Minute (Singback);00:02:59;comment
894871;path;Jazz;Clockwise (Album Version);00:04:26;comment
894875;path;Jazz;Myna Bird Blues;00:04:35;comment
894880;path;Jazz;Willow Weep for Me;00:07:42;comment
894883;path;Jazz;Stormy Weather (Album Version);00:02:17;comment
894885;path;Jazz;The Cooker;00:04:16;comment
894888;path;Jazz;The Borgia Stick;00:03:07;comment
894892;path;Jazz;Ode To A Kudu (Album Version);00:03:44;comment
894898;path;Jazz;Take Five (Album Version);00:07:43;comment
894902;path;Jazz;I Remember Wes (Album Version);00:04:07;comment
894907;path;Jazz;Good King Bad (Album Version);00:05:55;comment
894910;path;Jazz;Summertime (Album Version);00:06:02;comment
894912;path;Jazz;From Now On (Album Version);00:02:20;comment
895518;path;Pop;Piensa En Mi;00:04:29;comment
895519;path;Pop;No Me Importa Nada;00:04:14;comment
895522;path;Pop;Un Año De Amor (Extrait De La BOF 'Talons Aiguilles' de Pedro Almodovar);00:03:18;comment
895524;path;Pop;Lo Eres Todo;00:03:45;comment
895528;path;Pop;Besaré El Suelo;00:05:11;comment
895530;path;Pop;Es Por Ti;00:04:41;comment
895534;path;Pop;Entre Mis Recuerdos (My Heart Is Failing Me);00:03:31;comment
895535;path;Pop;Eres Tu;00:03:15;comment
895538;path;Pop;Es Mejor Que Te Vayas;00:03:50;comment
895540;path;Pop;Negra Sombra;00:05:23;comment
895544;path;Pop;Un Día Marrón;00:04:00;comment
895547;path;Pop;Tu ne l' emporteras pas;00:04:15;comment
895550;path;Pop;Entre Mes Souvenirs;00:03:32;comment
896195;path;Pop;Le Lundi Au Soleil;00:02:52;comment
896197;path;Pop;Tata Yoyo;00:02:34;comment
896199;path;Pop;Blue Suede Shoes;00:02:12;comment
896201;path;Pop;Tequila;00:02:12;comment
896203;path;Pop;Get Up, Stand Up;00:03:34;comment
896206;path;Pop;Let's Groove;00:04:10;comment
896209;path;Pop;Syé Bwa;00:04:31;comment
896211;path;Pop;Les Dalton;00:02:40;comment
896213;path;Pop;Il Est Vraiment Phénoménal;00:03:13;comment
896878;path;Jazz;A-Tisket A-Tasket (Excerpt) (Live);00:02:13;comment
896880;path;Jazz;I'm Crazy 'Bout My Baby;00:04:26;comment
896882;path;Jazz;Violets For Your Furs;00:03:24;comment
896884;path;Jazz;Come Rain Or Come Shine;00:03:23;comment
896885;path;Jazz;All That Jazz;00:02:10;comment
896887;path;Jazz;It's Only a Paper Moon;00:05:08;comment
896889;path;Jazz;The Chess Players;00:05:41;comment
898202;path;Pop;Nos Rendez-Vous;00:03:07;comment
898204;path;Pop;De L'Amour Le Mieux;00:04:16;comment
898872;path;Klassik;Toccata;00:02:28;comment
898876;path;Klassik;Fugue;00:05:56;comment
898879;path;Klassik;Passacaglia;00:08:07;comment
898883;path;Klassik;Fugue;00:05:21;comment
898884;path;Klassik;I. Siciliana;00:02:55;comment
898887;path;Klassik;II. Allemande;00:01:59;comment
898888;path;Klassik;III. Aria;00:02:59;comment
898891;path;Klassik;IV. Gigue;00:02:16;comment
898894;path;Klassik;Fantasia;00:05:39;comment
898897;path;Klassik;Fugue;00:06:21;comment
898900;path;Klassik;Prelude;00:03:24;comment
898902;path;Klassik;Fugue;00:06:52;comment
898906;path;Klassik;Prelude;00:06:30;comment
898910;path;Klassik;Fugue;00:06:09;comment
898912;path;Klassik;Prelude;00:02:13;comment
898915;path;Klassik;Fugue;00:04:09;comment
899712;path;Pop;Ökostrom;00:02:41;comment
899713;path;Pop;Ökostrom (MundART MIX);00:02:40;comment
899715;path;Pop;Himmel (Single Version);00:03:05;comment
899717;path;Pop;Hungriges Herz (Europa- Weitmix);00:06:30;comment
900695;path;Pop;No Air;00:04:26;comment
5885887;path;Pop;No Air;00:04:24;comment
900697;path;Pop;Save Me;00:03:38;comment
900700;path;Pop;No Air duet with Chris Brown (Tiesto Remix);00:07:40;comment
901538;path;Pop;Larvatus Prodéo;00:04:43;comment
901539;path;Pop;A l'amour comme à la guerre;00:04:48;comment
901541;path;Pop;Drôle de Caroline;00:05:49;comment
901543;path;Pop;Chte play plus;00:04:36;comment
901544;path;Pop;Cinéma;00:05:33;comment
901545;path;Pop;Jeune fille interdite;00:05:05;comment
901548;path;Pop;Parfaitement, parce que;00:04:26;comment
901550;path;Pop;Suave mari magno;00:04:37;comment
901552;path;Pop;Demi-mots amers;00:04:04;comment
901554;path;Pop;Un requin drôle;00:05:57;comment
901557;path;Pop;Mon coeur et le monde bougent;00:04:50;comment
901559;path;Pop;Autoroute zéro;00:02:37;comment
901560;path;Pop;Graine d'ananar;00:01:48;comment
901562;path;Pop;Est-ce ainsi que les hommes vivent?;00:04:09;comment
901563;path;Pop;Mr William;00:03:17;comment
901565;path;Pop;Je chante pour passer le temps;00:03:14;comment
901566;path;Pop;Le piano du pauvre;00:03:09;comment
901567;path;Pop;Pauvre Rutebeuf;00:03:38;comment
901569;path;Pop;La the nana;00:04:42;comment
901571;path;Pop;Le bateau espagnol;00:03:09;comment
901573;path;Pop;Le temps du plastique;00:02:36;comment
901576;path;Pop;La mémoire et la mer;00:05:00;comment
901578;path;Pop;Le temps du tango;00:03:52;comment
901579;path;Pop;Dans les banques (t'en as);00:02:03;comment
901581;path;Pop;Avec le temps;00:03:26;comment
902895;path;Heavy Metal;Tight Lip Politics;00:00:57;comment
902896;path;Heavy Metal;XBishopX Basically Owns Your Face;00:02:24;comment
902897;path;Heavy Metal;Old Habits;00:02:53;comment
902898;path;Heavy Metal;Next Big Thing;00:00:42;comment
902899;path;Heavy Metal;Wreck;00:02:03;comment
902900;path;Heavy Metal;Hookers & Blow;00:01:27;comment
902901;path;Heavy Metal;Let's Get Free;00:01:23;comment
902902;path;Heavy Metal;Go F**k Yourself;00:00:05;comment
902904;path;Heavy Metal;Eat S**t;00:02:21;comment
902905;path;Heavy Metal;Ingest;00:00:31;comment
902906;path;Heavy Metal;Loaded Pistol;00:03:09;comment
902907;path;Heavy Metal;(Life Is One Big) Suicide Party;00:01:36;comment
902908;path;Heavy Metal;Throwaway;00:02:28;comment
902909;path;Heavy Metal;Bless The Dead;00:05:37;comment
904116;path;Pop;Hurt Me;00:03:45;comment
904117;path;Pop;End of the Night;00:03:25;comment
904118;path;Pop;Lies;00:02:52;comment
904119;path;Pop;Ghost Song;00:03:15;comment
904120;path;Pop;Ocean Girl;00:04:52;comment
904121;path;Pop;Bad Values;00:03:12;comment
904122;path;Pop;Lost Highway;00:02:13;comment
904123;path;Pop;Lonely With My;00:02:23;comment
904124;path;Pop;Living in Fear;00:03:25;comment
904125;path;Pop;I Wake Up Screaming;00:02:10;comment
904126;path;Pop;Monkey World;00:02:35;comment
904127;path;Pop;Stooges Son;00:03:11;comment
904814;path;Pop;Oh Me Oh My (I'm a Fool for You Baby);00:03:42;comment
904815;path;Pop;Day Dreaming;00:03:59;comment
904816;path;Pop;Rock Steady;00:03:13;comment
904817;path;Pop;Young, Gifted and Black;00:03:34;comment
904818;path;Pop;All the King's Horses;00:03:56;comment
904819;path;Pop;A Brand New Me;00:04:26;comment
904820;path;Pop;April Fools;00:03:29;comment
904821;path;Pop;I've Been Loving You Too Long;00:03:36;comment
904822;path;Pop;First Snow in Kokomo;00:04:04;comment
904823;path;Pop;The Long and Winding Road;00:03:38;comment
904824;path;Pop;Didn't I (Blow Your Mind This Time);00:03:42;comment
904825;path;Pop;Border Song (Holy Moses);00:03:19;comment
905321;path;Pop;Les vautours;00:04:50;comment
905322;path;Pop;Mirador;00:04:21;comment
905323;path;Pop;Rien à jeter;00:03:35;comment
905324;path;Pop;Himalaya;00:04:45;comment
905325;path;Pop;Possible en moto;00:04:17;comment
905326;path;Pop;Cadillac;00:04:46;comment
905327;path;Pop;Si j'étais moi;00:04:01;comment
905328;path;Pop;L'étoile solitaire;00:03:33;comment
905329;path;Pop;C'est du vent;00:04:11;comment
905330;path;Pop;Le testament d'un poète;00:01:44;comment
905999;path;Pop;Wherever With You;00:04:14;comment
906000;path;Pop;A Place for Me;00:03:59;comment
906864;path;Pop;Mas Que Nada;00:04:22;comment
906865;path;Pop;That Heat (Album Version);00:04:12;comment
906866;path;Pop;Berimbau/Consolacao (Album Version);00:04:21;comment
906867;path;Pop;The Frog;00:03:49;comment
906868;path;Pop;Let Me (Album Version);00:04:14;comment
906869;path;Pop;Bananeira (Banana Tree) (Album Version);00:03:12;comment
906870;path;Pop;Surfboard (Album Version);00:04:31;comment
906871;path;Pop;Please Baby Don't (Album Version);00:04:09;comment
906872;path;Pop;Samba da Bencao (Samba of the Blessing) (Album Version);00:04:38;comment
906873;path;Pop;Timeless (Album Version);00:03:53;comment
906874;path;Pop;Loose Ends (Album Version Edited);00:05:32;comment
906875;path;Pop;Fo'-Hop (Por Tras de Bras de Pina) (Album Version);00:03:13;comment
906876;path;Pop;Lamento (No Morro);00:03:17;comment
906877;path;Pop;E Menina (Hey Girl);00:03:30;comment
906878;path;Pop;Yes, Yes Y'All (Album Version);00:05:05;comment
907917;path;Alternative;Carousel;00:03:12;comment
907918;path;Alternative;Dammit;00:02:46;comment
907919;path;Alternative;All The Small Things;00:02:51;comment
907920;path;Alternative;The Rock Show;00:02:51;comment
907921;path;Alternative;Stay Together For The Kids;00:03:54;comment
912060;path;Rock;Dirty Boots;00:05:29;comment
912065;path;Rock;Tunic (Song For Karen);00:06:21;comment
912068;path;Rock;Mary-Christ;00:03:11;comment
912072;path;Rock;Kool Thing;00:04:06;comment
912076;path;Rock;Mote;00:07:37;comment
912077;path;Rock;My Friend Goo;00:02:20;comment
912081;path;Rock;Disappearer;00:05:08;comment
912085;path;Rock;Mildred Pierce;00:02:13;comment
912089;path;Rock;Cinderella's Big Score;00:05:54;comment
912092;path;Rock;Scooter And Jinx;00:01:05;comment
912097;path;Rock;Titanium Expose;00:06:26;comment
912101;path;Rock;Lee #2 (Previously Unreleased);00:03:31;comment
912105;path;Rock;That's All I Know (Right Now);00:02:20;comment
912108;path;Rock;The Bedroom (Live);00:03:37;comment
912110;path;Rock;Dr. Benway's House;00:01:17;comment
912115;path;Rock;Tuff Boyz;00:05:39;comment
912120;path;Rock;Tunic (8 Track Demo);00:06:44;comment
912124;path;Rock;Number One (Disappearer) (8 Track Demo);00:04:57;comment
912127;path;Rock;Titanium Expose (8 Track Demo);00:04:43;comment
912132;path;Rock;Dirty Boots (8 Track Demo);00:06:37;comment
912136;path;Rock;Corky (Cinderella's Big Score) (8 Track Demo);00:07:49;comment
912138;path;Rock;My Friend Goo (8 Track Demo);00:02:31;comment
912141;path;Rock;Bookstore (Mote) (8 Track Demo);00:04:14;comment
912145;path;Rock;Animals (Mary-Christ) (8 Track Demo);00:03:02;comment
912149;path;Rock;DV2 (Kool Thing) (8 Track Demo);00:04:17;comment
912154;path;Rock;Blowjob (Mildred Pierce) (8 Track Demo);00:08:52;comment
912156;path;Rock;Lee #2 (8 Track Demo);00:03:30;comment
912158;path;Rock;I Know There's An Answer;00:03:10;comment
912161;path;Rock;Can Song;00:03:17;comment
912164;path;Rock;Isaac;00:02:36;comment
912168;path;Rock;Goo Interview;00:06:03;comment
912798;path;Electro;Aye Aye Aye (Radio Mix);00:03:16;comment
912803;path;Electro;Aye Aye Aye (Rivera & Clivilles Club Mix);00:06:46;comment
912807;path;Electro;Aye Aye Aye (Tony Arzadon Mix);00:08:14;comment
914252;path;Klassik;Dance Set #3: Tango;00:02:31;comment
914260;path;Klassik;Dance Set #3: Waltz;00:02:16;comment
914273;path;Klassik;Dance Set #3: Introduction and Quickstep;00:02:45;comment
914278;path;Klassik;The Rose of Sharon;00:02:48;comment
914287;path;Klassik;My Beloved is Mine and I am His;00:03:25;comment
914294;path;Klassik;Bind me as a Seal upon you Heart;00:01:01;comment
914317;path;Klassik;Until the King Returns;00:06:49;comment
914336;path;Klassik;Una Matica de Ruda (A sprig of rue);00:02:55;comment
914354;path;Klassik;Porque Llorax Blanca Niña (Why do you cry, my fair young thing?);00:04:25;comment
914359;path;Klassik;El Rey de Francia (The King of France);00:03:07;comment
914373;path;Klassik;Yo Era Niña De Casa Alta (I was a girl from a good family);00:02:19;comment
914416;path;Klassik;Mit Gefihl;00:06:23;comment
914434;path;Klassik;Lebedik;00:04:36;comment
914482;path;Klassik;Rodas Recordada (Rhodes Remembered);00:13:10;comment
914965;path;Pop;This Is How I Know;00:03:49;comment
915660;path;Pop;This Is The Life;00:03:05;comment
915661;path;Pop;This Much Is True;00:02:44;comment
916292;path;Rock;Everyday Is A Winding Road (Live);00:05:29;comment
916293;path;Rock;My Favorite Mistake (Live At Central Park);00:04:11;comment
916294;path;Rock;Leaving Las Vegas (Live);00:07:21;comment
916295;path;Rock;Strong Enough (Live);00:03:36;comment
916296;path;Rock;It Don't Hurt (Live);00:05:56;comment
916297;path;Rock;A Change Would Do You Good (Live);00:05:17;comment
916298;path;Rock;Gold Dust Woman (Live);00:04:25;comment
916299;path;Rock;If It Makes You Happy (Live);00:05:03;comment
916300;path;Rock;All I Wanna Do (Live);00:05:59;comment
916301;path;Rock;Happy (Live);00:03:21;comment
916302;path;Rock;The Difficult Kind (Live);00:05:55;comment
916303;path;Rock;White Room (Live);00:05:50;comment
916304;path;Rock;There Goes The Neighborhood (Live);00:05:32;comment
916305;path;Rock;Tombstone Blues (Live);00:05:03;comment
919801;path;Pop;Int(i)ro(l);00:00:58;comment
919807;path;Pop;Dislocated Purple Stoma;00:01:38;comment
919820;path;Pop;The Erected Underwater Necro-Clitstomper;00:01:58;comment
919840;path;Pop;Zuilzalf;00:02:36;comment
919845;path;Pop;Pelikanelul;00:01:42;comment
919870;path;Pop;Swarming of the Cysts;00:02:24;comment
919887;path;Pop;The Babyshitter;00:01:56;comment
919911;path;Pop;Cuntlava;00:02:41;comment
919936;path;Pop;Boneryard;00:02:25;comment
919953;path;Pop;Crash Test Faggots;00:02:22;comment
919970;path;Pop;Outro;00:00:05;comment
920570;path;Pop;B Boy Baby (Radio Edit);00:03:02;comment
921416;path;Pop;San Francisco Express;00:06:32;comment
921418;path;Pop;Hotel;00:06:18;comment
921423;path;Pop;Ourense-Bosnia;00:09:07;comment
921424;path;Pop;Sin Techo;00:07:44;comment
921425;path;Pop;Luis Y Su Mujer;00:04:22;comment
921426;path;Pop;Preparado Para El Rock And Roll;00:04:33;comment
921427;path;Pop;Lisa 1970-1996;00:08:24;comment
921430;path;Pop;Tomas El Tendero;00:05:09;comment
921431;path;Pop;Antisocial;00:05:03;comment
921432;path;Pop;Dios Es Suave;00:07:23;comment
922135;path;Pop;If I Had Eyes;00:03:59;comment
922141;path;Pop;Let It Be Sung (Album Version);00:04:09;comment
922844;path;Rock;Prisons On The Road (Album Version);00:04:18;comment
922845;path;Rock;My Children (Album Version);00:05:10;comment
922846;path;Rock;Accidental Suicide (Album Version);00:06:17;comment
922847;path;Rock;Groupie Girl (Album Version);00:03:53;comment
922848;path;Rock;Blue Fox (Album Version);00:03:43;comment
922849;path;Rock;Home Again (Album Version);00:04:56;comment
922850;path;Rock;Television Eye (Album Version);00:07:32;comment
922851;path;Rock;Marriage Madness (Album Version);00:03:36;comment
922855;path;Rock;Looking At Tomorrow (Album Version);00:06:57;comment
922859;path;Rock;Accidental Suicide (Remix);00:06:24;comment
922861;path;Rock;Force Of Nature (Remix);00:05:34;comment
922862;path;Rock;Boogie Albert (Remix);00:02:15;comment
922866;path;Rock;Television Eye (Remix);00:06:08;comment
922867;path;Rock;Dream With Me (Album Version);00:05:21;comment
922871;path;Rock;Full Speed Ahead (Album Version);00:05:21;comment
922873;path;Rock;Mr. Censor Man (Album Version);00:04:44;comment
922876;path;Rock;Force Of Nature (Album Version);00:06:34;comment
922878;path;Rock;Boogie Albert (Album Version);00:02:16;comment
922880;path;Rock;Goodbye December (Album Version);00:05:25;comment
922881;path;Rock;Unanswered Questions (Album Version);00:04:42;comment
922887;path;Rock;Devil's Tricks (Album Version);00:07:45;comment
922891;path;Rock;Travelling (Album Version);00:04:42;comment
922892;path;Rock;Prisons On The Road (Remix);00:04:19;comment
922896;path;Rock;Home Again (Remix);00:04:59;comment
922898;path;Rock;Mr. Censor Man (Remix);00:04:44;comment
922900;path;Rock;Looking At Tomorrow (Remix);00:06:56;comment
923545;path;Filme/Videospiele;Death In The Snow;00:01:49;comment
923548;path;Filme/Videospiele;Last Lament;00:01:58;comment
923551;path;Filme/Videospiele;Jimmy's Revenge;00:02:06;comment
923553;path;Filme/Videospiele;Nemesis;00:02:54;comment
923558;path;Filme/Videospiele;Torture Floor;00:01:36;comment
923559;path;Filme/Videospiele;Last Words;00:00:43;comment
923563;path;Filme/Videospiele;Kate's Plea;00:02:45;comment
923566;path;Filme/Videospiele;Underground Battle;00:01:43;comment
923569;path;Filme/Videospiele;After The Fight;00:00:31;comment
923573;path;Filme/Videospiele;Found In The Snow;00:02:43;comment
923574;path;Filme/Videospiele;A Plan Unfolds;00:01:12;comment
923576;path;Filme/Videospiele;The Turks;00:01:24;comment
923580;path;Filme/Videospiele;Spirit Of Vengeance;00:03:50;comment
923585;path;Filme/Videospiele;Close To The Kill;00:02:44;comment
923587;path;Filme/Videospiele;Preparing For War;00:03:07;comment
923591;path;Filme/Videospiele;Dark Journey;00:04:47;comment
923593;path;Filme/Videospiele;Before The Storm;00:01:42;comment
923598;path;Filme/Videospiele;Brother's Bond - A Brother's Grief;00:06:31;comment
923601;path;Filme/Videospiele;Punishment;00:01:34;comment
923603;path;Filme/Videospiele;Red Haze;00:03:32;comment
923606;path;Filme/Videospiele;Falling Apart;00:03:17;comment
923608;path;Filme/Videospiele;Before The Betrayal;00:01:49;comment
923610;path;Filme/Videospiele;Hijack And Execution;00:02:32;comment
923611;path;Filme/Videospiele;A Life Ends;00:01:00;comment
923616;path;Filme/Videospiele;Footsoldiers End (Titles);00:04:29;comment
923618;path;Filme/Videospiele;Hope And Revenge;00:01:45;comment
924346;path;Pop;Dance In The Shadows;00:03:11;comment
925128;path;Electro;BELL BOTTOM;00:05:27;comment
925142;path;Electro;DUNE SHUTTLE;00:06:22;comment
925155;path;Electro;FAMILY CURRENCY;00:06:33;comment
925164;path;Electro;IN CAHOOTS;00:05:40;comment
925178;path;Electro;MR.BIKO;00:05:41;comment
925196;path;Electro;SHAAKBA;00:05:23;comment
925210;path;Electro;SPECIALIZED;00:05:13;comment
925226;path;Electro;TANGENT;00:05:16;comment
925241;path;Electro;THIS HUMAN VEHICLE;00:05:36;comment
925249;path;Electro;ZULU BURIAL;00:05:31;comment
925945;path;R&B;Shut Up and Drive (Radio Edit);00:03:33;comment
925947;path;R&B;Shut Up And Drive (The Wideboys Club Mix);00:06:36;comment
926957;path;Jazz;Nommo- The Majick Song;00:04:16;comment
926958;path;Jazz;Sifa Zote;00:06:28;comment
926959;path;Jazz;Jujuman;00:10:39;comment
926960;path;Jazz;Bertha Baptist;00:07:06;comment
926961;path;Jazz;Don't Fight That Feeling;00:06:47;comment
926962;path;Jazz;Mama's Soul;00:07:32;comment
926963;path;Jazz;I've Known Rivers;00:08:32;comment
926964;path;Jazz;The Warrior's Song;00:06:38;comment
926965;path;Jazz;Uhuru Sasa;00:02:19;comment
926966;path;Jazz;Dr. Follow's Dance;00:10:31;comment
926967;path;Jazz;Peace And Love;00:07:33;comment
927962;path;Dance;Do You Always (Have To Be Alone) (Radio Edit);00:04:19;comment
927963;path;Dance;Do You Always (Have To Be Alone) (Floating Version);00:04:00;comment
927964;path;Dance;This Is The Way (Unplugged Version);00:04:04;comment
928962;path;Country;My Son Calls Another Man Daddy (MGM Single Version);00:02:32;comment
928963;path;Country;Do Right Woman;00:03:56;comment
928964;path;Country;Pass Me By (If You're Only Passing Through);00:02:32;comment
928965;path;Country;All You Ever Do Is Bring Me Down;00:04:20;comment
928966;path;Country;That's My Job;00:04:56;comment
930052;path;Rap/Hip Hop;Mélancolie (Intro);00:02:51;comment
930053;path;Rap/Hip Hop;Pressée De Vivre;00:03:57;comment
930054;path;Rap/Hip Hop;Dernière Chance;00:04:37;comment
930055;path;Rap/Hip Hop;Reviens Moi;00:04:34;comment
930056;path;Rap/Hip Hop;Adieu Les Soucis;00:03:13;comment
930057;path;Rap/Hip Hop;Partout;00:03:22;comment
930058;path;Rap/Hip Hop;Bistrot Du Coin: Le 7 Avril 2008;00:01:16;comment
930059;path;Rap/Hip Hop;On Se Relève;00:03:05;comment
930060;path;Rap/Hip Hop;Quand L'Amour Souffle;00:03:23;comment
930061;path;Rap/Hip Hop;Histoire D'Une Absence;00:04:08;comment
930062;path;Rap/Hip Hop;Tu Verras, Tu Verras;00:04:11;comment
930063;path;Rap/Hip Hop;Je Vois;00:03:58;comment
930064;path;Rap/Hip Hop;Mélancolie;00:04:32;comment
930839;path;Alternative;The Only One (Mix 13);00:03:55;comment
930841;path;Alternative;NY Trip;00:03:38;comment
931811;path;Electro;After The Rain (Radio Edit);00:03:24;comment
931812;path;Electro;After The Rain (Fedo Radio);00:03:37;comment
931813;path;Electro;After The Rain (Original Mix);00:08:36;comment
931818;path;Electro;After The Rain (Fedo Mix);00:06:05;comment
931821;path;Electro;After The Rain (Mora Camurri vs Electrojack Rmx);00:07:35;comment
931826;path;Electro;After The Rain (Original Extende Instrumental);00:08:36;comment
933249;path;Dance;Electronik (Radio Edit);00:03:08;comment
